#timestamp,throttle,steering [rad],v_RS_R_x [m s^-1],v_RS_R_y [m s^-1],v_RS_R_z [m s^-1]
47724864,0.0,0.0,0.0,0.0,0.0
148414560,0.0,0.0,0.0,0.0,0.0
247467200,0.0,0.0,0.0,0.0,0.0
349859424,0.0,0.0,0.0,0.0,0.0
448481920,0.0,0.0,0.0,0.0,0.0
548622944,0.0,0.0,0.0,0.0,0.0
647748224,0.0,0.0,0.0,0.0,0.0
748120480,0.0,0.0,0.0,0.0,0.0
848212128,0.0,0.0,0.0,0.0,0.0
951791648,0.0,0.0,0.0,0.0,0.0
1052560608,0.0,0.0,0.0,0.0,0.0
1150121632,0.0,0.0,0.0,0.0,0.0
1256411808,0.0,0.0,0.0,0.0,0.0
1350792224,0.0,0.0,0.0,0.0,0.0
1452107968,0.0,0.0,0.0,0.0,0.0
1554248768,0.0,0.0,0.0,0.0,0.0
1655904256,0.0,0.0,0.0,0.0,0.0
1750967200,0.0,0.0,0.0,0.0,0.0
1849910848,0.0,0.0,0.0,0.0,0.0
1956861504,0.0,0.0,0.0,0.0,0.0
2050829696,0.0,0.0,0.0,0.0,0.0
2151641280,0.0,0.0,0.0,0.0,0.0
2247696192,0.0,0.0,0.0,0.0,0.0
2352614496,0.0,0.0,0.0,0.0,0.0
2449458144,0.0,0.0,0.0,0.0,0.0
2549897120,0.0,0.0,0.0,0.0,0.0
2651331936,0.0,0.0,0.0,0.0,0.0
2748506176,0.0,0.0,0.0,0.0,0.0
2853005024,0.0,0.0,0.0,0.0,0.0
2948715392,0.0,0.0,0.0,0.0,0.0
3050203936,0.0,0.0,0.0,0.0,0.0
3149507552,0.03888339042663574,-0.5235987755982988,0.0,0.0,0.0
3258445056,0.04860012240677026,-0.5235987755982988,0.00035783006328901813,-0.0002065932833640554,0.00041318656672811085
3350004320,0.04678514329076204,-0.5177643205521516,0.018657144592468068,-0.010627054051321676,0.021471453657215967
3451642304,0.06377598353711848,-0.5235987755982988,0.00040404759072853823,-0.00023327698527254124,0.00046655397054508254
3549619456,0.07016165019523407,-0.5235987755982988,0.016776892096378455,-0.009686143168009403,0.01937228633601881
3649998784,0.07297788188681947,-0.5235987755982988,0.054309948386643714,-0.03135586332070342,0.06271172664140685
3751134784,0.06862186688149483,-0.3185158718820098,0.14653181186214792,-0.04831785392380277,0.15429253674564383
3852088160,0.06659964716159009,-0.19314831985847647,0.19806481409824853,-0.03873882214916318,0.20181765761518056
3948409984,0.06442662814294159,-0.1452117917378608,0.23592128996854722,-0.0461430412812203,0.24039142105970368
4052503616,0.0636903283340908,-0.1232194306478398,0.2655000020205773,-0.03288134054560679,0.2675283791095866
4151143232,0.0645251822068002,-0.11384984924480257,0.2732181833302674,-0.0312409452706197,0.2749984952025982
4249254400,0.06463326638726642,-0.10998129439666293,0.26870089295593563,-0.0307244188094749,0.27045176979731006
4354972864,0.06443820438183452,-0.10525339644773624,0.28005177474515985,-0.029585734238322198,0.28161021325288327
4451248576,0.06640731086670504,-0.10481053433065668,0.2950709304434496,-0.031040286963773787,0.29669909573093833
4553350720,0.060540972918775665,-0.09087648936441184,0.32276128972769125,-0.02941242538777516,0.32409865922875103
4649153472,0.061609058535981434,-0.09216466173141313,0.2968051985747209,-0.027047112016276593,0.29803501836093105
4750989536,0.06256243935817651,-0.08990330424732917,0.28251342213766123,-0.025467541831367447,0.2836590019281335
4849699488,0.06420159197087474,0.031861975145740296,0.30025841306316,-0.02706718724032846,0.3014759480295405
4951771776,0.06336671316659939,0.04099104123333763,0.2847830508162554,0.011680096399010942,0.2850224739982868
5049921952,0.06354536639542208,0.026588384128459985,0.2826853872869497,0.007517919326255942,0.2827853378387374
5149057856,0.06285813792078805,0.013067037047422403,0.30172093563554064,0.008024163098490567,0.3018276166857785
5251577600,0.06169777144455193,-0.0034201996790272915,0.3147078480839448,-0.0010763678780404838,0.3147096887822746
5351252480,0.06115542619754628,-0.015622004897839048,0.3120852826832452,-0.0010673981457234797,0.3120871080424223
5460566880,0.060064154128346606,-0.03037867377614134,0.2999775613862147,-0.004686632192320372,0.3000141694262561
5552041984,0.060467531545914534,-0.046430635483332594,0.28158532384016594,-0.013083588764141844,0.2818891180892237
5650340768,0.06423447210663803,-0.06620733016529812,0.27871453924263856,-0.012950200544215293,0.2790152362853536
5752265856,0.06373594231785022,-0.06939031030741027,0.28744531721523814,-0.019977994838228486,0.2881387351029451
5858417024,0.06228897132390397,-0.00031491638179659276,0.28365482951569654,-0.01971454875244965,0.2843391034312579
5949930656,0.06337895813069079,-0.002748316212779045,0.30061621083787987,-9.466897255598094e-05,0.30061622574428515
6054879008,0.06287245140437951,-0.007420673337795947,0.2964128368855538,-0.0021996232109105477,0.29642099826566254
6152123296,0.06106597394970133,-0.010481415661413251,0.30494782845982416,-0.003196401998310371,0.30496458002216775
6250134688,0.062054302942757635,-0.02329308463579416,0.30216350812353104,-0.0031672173107793497,0.3021801067360539
6352747968,0.06149888722859045,-0.03333750144244263,0.30178792011527883,-0.010064584054453223,0.301955699697315
6450225312,0.06421393290131441,-0.04949445953106135,0.28341665188867377,-0.009451904881665448,0.28357421792835424
6549770880,0.06127995846303757,-0.050058003016967945,0.29587311870996363,-0.014656049704353375,0.29623588939913525
6651825984,0.06183829293639062,-0.05834347154818076,0.30618443580809335,-0.017884159851107258,0.30670629583479436
6751190976,0.06529135329818656,-0.07387999728127781,0.3013238028319891,-0.02230239388399624,0.3021480281684598
6849974912,0.060556147361390936,-0.06512924082608862,0.32143503334872753,-0.020964470572454215,0.3221179748015948
6952620704,0.060030890854587945,-0.06821359328250054,0.310679988406921,-0.021225530051534,0.31140420408609315
7053175520,0.059950764070747745,-0.03820966527790581,0.2872885815714481,-0.010982545820630792,0.2874984268027163
7150891136,0.06368614517363003,-0.053691249934498586,0.2791604871025322,-0.015002894789486451,0.27956334597258536
7253044544,0.06457769785193664,-0.056990228034736745,0.2876709408403074,-0.01641220468972688,0.2881387351029451
7351388192,0.06433062289302456,-0.05435423093447156,0.3001722674159984,-0.016331719293367502,0.30061622574428515
7453805312,0.06118408475911623,-0.04684217299540627,0.32092927055994874,-0.015044029169357917,0.3212816825089617
7554802176,0.0618477504580819,-0.050173975874796994,0.3132744745369859,-0.0157314290561982,0.3136692115215882
7650263488,0.06217987874180067,-0.051062577806149534,0.3010965556560333,-0.015119901202832589,0.3014759480295405
7753378176,0.062370928917334874,-0.054853506053479606,0.2854800071724373,-0.01567530430112929,0.2859100377043588
7849898112,0.06372574506470938,-0.060337317511628186,0.2888457639395887,-0.015860113255182644,0.28928086445237233
7950780288,0.06416742386745601,-0.06200445271685595,0.2877598186434358,-0.017865290619550816,0.288313859941946
8051973920,0.06503585468148013,-0.06840338486368935,0.2756872061237723,-0.018887405457514998,0.2763334393540671
8150178336,0.0653103137674575,-0.07083765970551426,0.30189009388420746,-0.020682572423177177,0.302597748814256
8254453984,0.06514731474422489,-0.07048144408327062,0.29939553158656257,-0.021136841044735854,0.30014071763649597
8354308288,0.06306759065956244,-0.057815461033216664,0.30692145166115103,-0.017764603124842564,0.3074351291150239
8449150368,0.06355492775736066,-0.06303977557230311,0.3024458541222923,-0.01750555569236748,0.30295204101616724
8553837088,0.06548654637913598,-0.0703981229580588,0.29003825897657076,-0.02045194608987667,0.29075844573979887
8650485440,0.06218776182648719,-0.06114407876721373,0.29149554884474527,-0.01784547136038282,0.29204129133458767
8749985728,0.06389119352555646,-0.07079908615403596,0.29101107158855655,-0.02063781187450777,0.2917419460175166
8852961600,0.0635831502592292,-0.06884040649942236,0.277619567227736,-0.019141690918588493,0.278278688438296
8956428384,0.06472255540519756,-0.07602053476846748,0.2829807575841165,-0.021553885368738184,0.2838004213128818
9051967392,0.0661135313984434,-0.08082621382412469,0.3111706083291879,-0.02520565452369374,0.31218980205625657
9151449312,0.0652945689197221,-0.07901845763541004,0.3185889538130583,-0.02522693457768553,0.31958616947528534
9249736672,0.06358293744828444,-0.07522786755476218,0.3072723871192438,-0.024330851131564586,0.30823418078263937
9351469696,0.06567402862875306,-0.08292811320734828,0.29791546616303644,-0.024762357717974467,0.29894280278824614
9452688928,0.06442666375090039,-0.07967023813681706,0.2915636814059839,-0.02327822042975287,0.2924914628863315
9550861632,0.06402046810383843,-0.07742498082442495,0.2983292292267291,-0.02314440070001805,0.29922565447297006
9649997792,0.0636358557767952,-0.09716805428513986,0.30631579224270533,-0.02985813857083104,0.30776756329443034
9749620768,0.062056822063681856,-0.09436200481814083,0.3157739880348388,-0.030780076413225443,0.3172705858150587
9851163424,0.06420638647871695,-0.10152496001189348,0.2881720435055568,-0.029357590574498736,0.2896635889829932
9952260288,0.06401211495440592,-0.10096197065818302,0.29256539466558934,-0.029638753053404788,0.294062860351988
10050562976,0.06402516570374198,-0.09796727653790427,0.3047102898292304,-0.02994750652120841,0.30617840203817676
10150123552,0.06267297844122874,-0.09154178413760228,0.30657838545353294,-0.02814338924810715,0.3078674337854939
10252021088,0.06313200135709955,-0.09196952976137851,0.3091073858613675,-0.028508886086437223,0.31041928512890077
10351347072,0.061130201895943224,-0.08699634771469533,0.29966926092252316,-0.026136100359900938,0.3008068511252263
10451347616,0.061834098375914054,-0.08480711269773522,0.305604003115309,-0.025979707169223785,0.30670629583479436
10550743904,0.060274448383495424,-0.08236885766162416,0.30899613956332495,-0.02550937569607978,0.31004732302253724
10651734368,0.06321503633772475,-0.08785518950518068,0.27604489433874574,-0.024314566322854572,0.2771136622867191
10751676768,0.0634715638044606,-0.13389481077875942,0.2816815587644768,-0.037942713861097904,0.2842255267971731
10850633664,0.06414612904144396,-0.13706353319755138,0.2765611562190398,-0.038145622049753594,0.2791794433886112
10951804416,0.06491563648264499,-0.13086803726036322,0.3073291499194788,-0.040450752574673905,0.3099797892993783
11050835520,0.06561206446357927,-0.12693415815113873,0.2979144805871851,-0.03801993944539123,0.30033074024975115
11151284544,0.06313158846113362,-0.11015165480072753,0.3234234189422713,-0.035770414050293575,0.32539549849627203
11252581568,0.06313648922580287,-0.1070796333198274,0.32260972192957965,-0.034677570380390065,0.3244681287445157
11350201568,0.06317896105608502,-0.10050802350794186,0.31078472219071934,-0.03134196672306555,0.3123611090152427
11450790304,0.06018950831009916,-0.09080938522518167,0.3110399399759185,-0.02832324297005911,0.31232683258497657
11552199424,0.06304114910715833,-0.0943549347243291,0.30726241791263115,-0.029078069244396272,0.3086352662488496
11652906944,0.06315128945541812,-0.08787210654653066,0.3050627162224812,-0.02687571280697925,0.3062442893637714
11752439488,0.06270189804496469,-0.08255560249607186,0.30625575259764154,-0.025340723636139595,0.30730235643995807
11849843072,0.0635418329843074,-0.08124633995192099,0.29360736782521024,-0.02429414991387278,0.2946107468530061
11951880768,0.06305880782833884,-0.1726594493775533,0.2946217045708888,-0.05138081495125558,0.29906844860217413
12052097792,0.06065636668599975,-0.1705536436424353,0.2972277487850482,-0.05119059407356308,0.30160373268484597
12149225504,0.06146227892732223,-0.1700239773860126,0.3033349481220396,-0.05224241767840541,0.30780084625790977
12250231456,0.06163793156908327,-0.16078650614519674,0.29162577993031313,-0.04729777993324797,0.29543641533598625
12348461760,0.06232784748015263,-0.15548164781917428,0.29440666078262984,-0.04774880141223001,0.2982536335897403
12448486304,0.06168539988640882,-0.14157944355336838,0.2999360499585702,-0.047014010665730896,0.3035983387036684
12549820672,0.06256012060905577,-0.1341431140242726,0.293088831949754,-0.04177484943004693,0.2960510115817445
12652705984,0.06118391501205988,-0.11906138916100772,0.2955228154662296,-0.035352563119726926,0.2976298677556093
12755231488,0.06278810335121883,-0.11765219507584135,0.30763586129490506,-0.036361963967114996,0.30977736453492505
12855125568,0.0628634739064087,-0.11146246053070641,0.28640867611537546,-0.0320566819683122,0.2881970864061251
12949043552,0.0638273868033567,-0.2612504302150178,0.2869607472167442,-0.03211847327980636,0.2887526047830873
13050841760,0.06280091820882648,-0.2628883001850646,0.28861712183918076,-0.07716493574166992,0.29875453189323936
13154218592,0.06355703333219787,-0.245131536705248,0.2944595732627104,-0.07366272367574471,0.303533584872229
13249609216,0.06488744119080084,-0.22560569796345575,0.2759215967307321,-0.0690252183379093,0.2844243454928442
13351268544,0.06296134153957948,-0.1939082674894852,0.30908500240589587,-0.060696792680263,0.31498831621811546
13452713216,0.062121965825320945,-0.17250182567045513,0.31487836094071414,-0.05486235220428324,0.31962205787163295
13551704224,0.06332184212058499,-0.15899711279481465,0.30957629793261543,-0.0496407516746312,0.3135310008093073
13655901504,0.0620881095648732,-0.13955046969890716,0.30513937379286454,-0.04892928813271466,0.3090373968889133
13751871520,0.05966718207609753,-0.12334432111881277,0.31577538398113636,-0.039147831388384804,0.3181927809219554
13851053344,0.062144163269905635,-0.3701668547406243,0.28577818156837415,-0.11089768942462905,0.3065411335860949
13953470624,0.059259737904323324,-0.37216299382522244,0.2918746957543166,-0.11393435132632226,0.31332391296200923
14049789792,0.06440416957913923,-0.36521218831476077,0.28009610566577353,-0.10933653575410009,0.3006797406873961
14155631680,0.061355227006238806,-0.31860787376935207,0.290831753702339,-0.09592943138757451,0.3062442893637714
14252134816,0.062208335911715616,-0.28693760224483,0.2782171177441271,-0.08209650640017888,0.29007688802964654
14357588160,0.06796509939786288,-0.27489086032737475,0.2659842766819455,-0.07501575594654586,0.27636027044828543
14451473856,0.06511018682629709,-0.22719218727499424,0.28239244523191265,-0.06528448930327742,0.28984057284591563
14552235264,0.06273295473660512,-0.5235987755982988,0.2648448820754499,-0.15290826395975562,0.3058165279195113
14651823616,0.06266108429030454,-0.5235987755982988,0.2715856453808078,-0.1568000454686476,0.31360009093729524
14753572576,0.06485350749518243,-0.5146251013601919,0.25481667091121285,-0.14408525138082778,0.2927321223230373
14850259264,0.0644584238056358,-0.46205254860235456,0.2626302994263738,-0.13079192756735808,0.29339598240870957
14951218976,0.06493393231231355,-0.4087441385025272,0.23941366017018276,-0.10369937401856384,0.2609069965484363
15053308160,0.06855446716056661,-0.3722318982679962,0.22775692940831674,-0.08892383279130385,0.24450085261978277
15153704416,0.0687252056782786,-0.3282154205386263,0.24804823415467292,-0.08446839384543954,0.26203594414904174
15250222720,0.06540487965215615,-0.5235987755982988,0.2510092991319971,-0.1449202864229578,0.28984057284591563
15351262112,0.06870134323043728,-0.5235987755982988,0.2602313468619311,-0.15024463816231476,0.3004892763246296
15449487520,0.06710479699757478,-0.5235987755982988,0.25588200119134347,-0.14773354226860225,0.29546708453720455
15551200384,0.06796297335973289,-0.5235987755982988,0.2435442463665855,-0.14061033619933264,0.28122067239866533
15652196352,0.07062084232535001,-0.5235987755982988,0.23043015027355443,-0.13303890928984252,0.2660778185796851
15756100608,0.06985368361123744,-0.5235987755982988,0.24424408615499518,-0.14101438888956058,0.2820287777791212
15856965536,0.0631336603744454,-0.5235987755982988,0.27584056820458946,-0.15925662630633902,0.3185132526126781
15951544224,0.07158653901911027,-0.5235987755982988,0.22997866369436568,-0.1327782433918124,0.26555648678362487
16050012960,0.07447540696618847,-0.5235987755982988,0.22010101950854644,-0.12707538286217032,0.2541507657243407
16153604608,0.0717544962214528,-0.5235987755982988,0.2638243944638993,-0.15231908516252227,0.3046381703250446
16250262176,0.06703401659460867,-0.5235987755982988,0.29622777520444793,-0.17102718575573192,0.3420543715114639
16354677792,0.07250844546162903,-0.5235987755982988,0.2432318252887519,-0.1404299598059449,0.28085991961188983
16452304608,0.07500185641820571,-0.5235987755982988,0.2457293706984559,-0.14187191832055082,0.2837438366411017
16551323392,0.07185828318383679,-0.5235987755982988,0.26815832435554954,-0.15482128075211546,0.309642561504231
16651786080,0.06984162729933485,-0.5235987755982988,0.27137634234021923,-0.15667920430182158,0.3133584086036432
16753694240,0.07072157264574801,-0.5235987755982988,0.25419318526103035,-0.14675850393662426,0.2935170078732486
16850093536,0.07004918906128671,-0.5235987755982988,0.2475804858855174,-0.14294066017210177,0.2858813203442036
16952655296,0.07348206316291919,-0.5235987755982988,0.23921887786065718,-0.1381130835280906,0.27622616705618125
17049887552,0.07307786765628976,-0.5235987755982988,0.24850401426315266,-0.14347385952953376,0.2869477190590676
17151955616,0.0695992966085633,-0.5235987755982988,0.25694895418286373,-0.14834954786546914,0.29669909573093833
17250911296,0.07569969467192979,-0.5235987755982988,0.2502448038046915,-0.1444789048399437,0.28895780967988743
17354561760,0.07533086381845291,-0.5235987755982988,0.25343525781166065,-0.14632091431970445,0.29264182863940896
17452464352,0.07232699400539992,-0.5235987755982988,0.27390946966065244,-0.1581417060421653,0.31628341208433064
17556295712,0.0691708667855429,-0.5235987755982988,0.2605063747068497,-0.15040342556261313,0.3008068511252263
17649718144,0.07440954398098935,-0.5235987755982988,0.24335189233648052,-0.14049928054827182,0.2809985610965437
17754245984,0.07181418853866049,-0.5235987755982988,0.2533310706553146,-0.14626076183694198,0.292521523673884
17849574048,0.07051004682963416,-0.5235987755982988,0.2721553845065929,-0.15712898450628746,0.31425796901257497
17951816160,0.06907543539589132,-0.5045166694774075,0.27449785024268053,-0.1515726868015655,0.3135655420675214
18051415648,0.07047526454571175,-0.43763342139384775,0.275692137238801,-0.128994323512736,0.30437754521943017
18150625344,0.06852276577858867,-0.36506333885125386,0.2972242427503841,-0.11359751472769226,0.3181927809219554
18251034496,0.07024544616819506,-0.48714769941286207,0.27365211900303105,-0.14496171343044817,0.309676251261766
18350357472,0.06785345635347535,-0.45128482600572717,0.2747871251536961,-0.13317301938644246,0.30535719615351264
18451584576,0.06752844468300012,-0.3885478515249332,0.28762574884687336,-0.1177420204369212,0.31079214078913425
18551253504,0.06832628416612249,-0.3395926972506018,0.28320886088191394,-0.10005165128440457,0.3003624340805078
18649970624,0.06733609926257048,-0.29330847524147075,0.2955602605415216,-0.10441513739768918,0.3134619411174991
18751587616,0.06579432817022811,-0.24904734260690198,0.3032232022368382,-0.07711796789401422,0.3128761597611181
18852014272,0.06644912316547706,-0.22038808712417435,0.303938679485351,-0.06809045552764632,0.3114723599635469
18951116416,0.06468963793139158,-0.18656573101721996,0.3245728001981396,-0.061266648090882746,0.3303045636935002
19051021408,0.06402339312820635,-0.3089615100624883,0.31742739606996934,-0.10131737661566473,0.3332046857114132
19151694368,0.06267732298548707,-0.3018775038188011,0.30434848314445445,-0.09477247648366435,0.318762955017011
19249972608,0.06357169427919229,-0.27819563780888323,0.3014765236940111,-0.08610223069038454,0.3135310008093073
19351664736,0.0630522833959501,-0.2481979270580048,0.3047963296929725,-0.07724247183409662,0.31443155383858723
19451667904,0.062283702273783416,-0.21732960601619666,0.30710294797854193,-0.06781360063895336,0.31450104147479463
19552722688,0.06397591484636025,-0.19230700446282967,0.30714233987266165,-0.05980467926665235,0.3129105568763073
19650571392,0.06253749971238418,-0.17187512590005838,0.31505419921582184,-0.05468957302941327,0.31976569209604444
19749017600,0.06051670438241501,-0.14717701690234009,0.3196873492042898,-0.05549383145631641,0.3244681287445157
19851159552,0.05999822622478293,-0.12720757340998468,0.31998604911999917,-0.040925637046577534,0.3225925904280734
19953705312,0.0615633327892731,-0.2716065860651451,0.31143737794488763,-0.08673174361220289,0.32328878070727984
20056833280,0.06025663429621823,-0.2693508056701628,0.2950435725111203,-0.08144953446420443,0.30607962419043894
20152102016,0.061437701332569074,-0.25420219664170673,0.3006732689737791,-0.0781218107570023,0.3106564533231708
20250736928,0.06150841430368803,-0.225953912984048,0.29117096399299913,-0.07565289400228889,0.3008386455286853
20349906592,0.06002416345491597,-0.1971138050048289,0.3041541157651741,-0.0699187876710376,0.3120871080424223
20452430784,0.0578373599111029,-0.16588517699170957,0.3090227829263948,-0.051737743149958104,0.31332391296200923
20551824320,0.0625658037188897,-0.16557252390918897,0.2844573680578687,-0.047533485425564626,0.2884015022136885
20650315168,0.06109825077155551,-0.14748643659390126,0.29697621289989995,-0.044120333762860585,0.3002356988762544
20749820192,0.06189701618698102,-0.3031565024877345,0.28961367125718046,-0.04302651620943507,0.29279234907384954
20850260576,0.05791004558631024,-0.29505507022104815,0.2988955789950621,-0.09084225011467285,0.31239539296969504
20950191456,0.0602570537986258,-0.28094671922356085,0.28148668900897833,-0.08123131787145633,0.29297317811084833
21054221824,0.05928495993237208,-0.24856305250952815,0.2938290443260703,-0.07457729209848124,0.30314564121279064
21152708704,0.05835577690518659,-0.21881906341875634,0.3074432330586061,-0.06836915183875174,0.3149534608107659
21250664256,0.06021454598579071,-0.1995777770497238,0.27439143644191855,-0.05550129316472166,0.279948305827372
21351441504,0.06129915902032193,-0.18168873146268183,0.28148670536511167,-0.05171325049035422,0.2861975289438805
21450041152,0.06028417100140239,-0.15981615565721796,0.2781316042360975,-0.04483226526739301,0.2817217089326825
21553163520,0.062024046008494434,-0.36658668090188584,0.27623659985215016,-0.10605870192110577,0.2958971229178596
21649405664,0.0609122803247797,-0.364857790479606,0.27799956622492494,-0.10673557792206699,0.2977855644849227
21751599840,0.06104533499596701,-0.3382579407303705,0.28670050649424306,-0.10085494235406814,0.30392252272791154
21850950592,0.058960299928614825,-0.2990235629504472,0.2860676911327656,-0.08818514342887673,0.29935153821486027
21957028864,0.062550375163867,-0.2754982685812628,0.27231082564652614,-0.07697862846224153,0.2829821460873823
22053369440,0.06453340636094174,-0.25139227747684423,0.28576436381332093,-0.07339157643887222,0.2950382943243383
22150912128,0.0632642434091793,-0.21888513458288728,0.2933815912232054,-0.06526247028456045,0.3005527376290276
22253972448,0.06141628553167745,-0.19171746081124041,0.30955982050719966,-0.06008599830878963,0.31533729507499353
22349168480,0.06035201425938611,-0.48781014962715474,0.3063691820063579,-0.05946669087008061,0.3120871080424223
22452063008,0.060491547894936055,-0.4938691122037895,0.28356241816435984,-0.15266102699239087,0.32204508093990625
22554250304,0.06061680604171667,-0.4595325297183468,0.2500211577935318,-0.12372714126776542,0.27896054350160654
22649976960,0.06462222561742412,-0.4249889055887923,0.24467349635213936,-0.12108076178352298,0.2729939022968436
22751501120,0.06079498221841913,-0.3607408529220333,0.2898387252115501,-0.10934134143107727,0.30977736453492505
22850211968,0.0677880989518905,-0.3424177117947771,0.23644128626864264,-0.08919721611193623,0.25270659907190723
22951397728,0.0671800651986469,-0.5235987755982988,0.2509837407062633,-0.1449055302589803,0.28981106051796063
23050797184,0.06439491292731538,-0.5235987755982988,0.25283734921286405,-0.14597571162923845,0.29195142325847695
23151097952,0.06180796934327232,-0.5235987755982988,0.2595463112010331,-0.1498491326390908,0.29969826527818166
23355789568,0.0699456815812158,-0.5235987755982988,0.2249622449097574,-0.1298820126561509,0.25976402531230186
23467694496,0.06700239452436764,-0.5149650329091049,0.2509070966486372,-0.1448612797916781,0.28972255958335624
23556329376,0.06472659890786728,-0.4510864844288385,0.2680834061443062,-0.12985846978894788,0.29787906073750825
23652844096,0.0684759545742067,-0.5235987755982988,0.23861677807126924,-0.13776546105260845,0.27553092210521696
23753878688,0.06920767102415339,-0.5235987755982988,0.24194261066708006,-0.13968563139707946,0.27937126279415897
23857579328,0.06787616647798043,-0.5235987755982988,0.2654152382336827,-0.15323755924124532,0.3064751184824907
23952826432,0.06916822515232801,-0.5235987755982988,0.2543505641808081,-0.14684936669832271,0.2936987333966455
24051996416,0.06593008371884178,-0.5235987755982988,0.2711375335470478,-0.1565413279807992,0.31308265596159846
24155827072,0.06617887292166706,-0.5235987755982988,0.2599568991221484,-0.15008618568587276,0.30017237137174557
24252025472,0.06878443932573125,-0.5235987755982988,0.2488050184189171,-0.14364764435989155,0.28729528871978316
24349559360,0.06806586378042166,-0.5235987755982988,0.2550347974626189,-0.14724440896776467,0.2944888179355294
24454705632,0.06618820682476749,-0.5235987755982988,0.2572976323044063,-0.14855085727280226,0.2971017145456046
24553147424,0.07036368181079534,-0.5235987755982988,0.23043015027355443,-0.13303890928984252,0.2660778185796851
24650644992,0.07421846758129651,-0.5235987755982988,0.22582788066662499,-0.1303817876933986,0.26076357538679723
24750334880,0.06778103104696731,-0.5235987755982988,0.26083717645250915,-0.15059441403951804,0.30118882807903613
24851583232,0.06841227251579206,-0.5235987755982988,0.2586747106177156,-0.14934591380768658,0.2986918276153732
24956378208,0.06897547819471073,-0.5235987755982988,0.23533619605463163,-0.13587141614220408,0.2717428322844082
25050613408,0.06886829710134271,-0.5235987755982988,0.2590280913699255,-0.14954993828010144,0.2990998765602029
25151453216,0.06814629838371389,-0.5235987755982988,0.27658340635953904,-0.15968550411506346,0.319371008230127
25254215168,0.06875591025651431,-0.5235987755982988,0.24327983788750604,-0.1404576798927601,0.28091535978552024
25352058112,0.07228924503255539,-0.5235987755982988,0.22827480250752097,-0.13179451867692585,0.26358903735385175
25451341312,0.06826503814754897,-0.5235987755982988,0.26550100360579615,-0.15328707590192217,0.3065741518038444
25550344256,0.07359820433101844,-0.5235987755982988,0.24782941056467037,-0.1430843769026187,0.28616875380523743
25651138752,0.07140155969638236,-0.5235987755982988,0.2577550264013606,-0.14881493387780462,0.2976298677556093
25750949856,0.06523019668058398,-0.5235987755982988,0.2861849898381762,-0.1652289809211013,0.33045796184220266
25850538848,0.06968085340134524,-0.5235987755982988,0.24575387013720948,-0.1418860630781102,0.28377212615622044
25949784640,0.07368914674866225,-0.5235987755982988,0.2310565539441518,-0.1334005636176833,0.26680112723536664
26051072416,0.06801730779770469,-0.5235987755982988,0.27442789105724913,-0.15844101677504405,0.31688203355008815
26150320288,0.06889111357124442,-0.504720353591388,0.2522106399288174,-0.13933313953766188,0.2881387351029451
26253567968,0.0722698040966266,-0.47103783397135146,0.24408364918841866,-0.12430501990632271,0.2739134275187077
26351046848,0.07041839608056151,-0.38708468123215134,0.2852745423875536,-0.11629247404116741,0.3080673693415837
26450837440,0.06969245031410617,-0.31808970503482925,0.31626718983930885,-0.10413750709093546,0.3329708031524206
26553007872,0.06708247555872567,-0.2567583781142382,0.3136884571946528,-0.08236000139925774,0.32432023989823283
26652844416,0.06702422508826149,-0.2185086040450166,0.3321645165814677,-0.07375844902606207,0.34025516142819984
26750774368,0.06279974287752486,-0.17626365203937056,0.3309086125389924,-0.058938816131245436,0.336116488586076
26852588256,0.06609971791681726,-0.16485523092611132,0.29604022891126225,-0.0492507574400431,0.3001090705764331
26951314272,0.06523950007926199,-0.1448957589565012,0.32936599557687585,-0.04806054783103083,0.3328539849546125
27051553184,0.06194473809746635,-0.21491413756823086,0.31297197237146757,-0.06831716767097151,0.32034152226751733
27153839904,0.06440326637016147,-0.21713033687573358,0.3012903976264463,-0.06646712721194092,0.3085348970565736
27254231008,0.06454563509581743,-0.20275778429798308,0.30980433515674183,-0.06369042846296187,0.31628341208433064
27354083840,0.06127131842755315,-0.17720754905687386,0.3426270991246648,-0.0613597405312195,0.34807807574255734
27452197472,0.06296750060715435,-0.16794579551531186,0.2969825949646392,-0.05035126985509578,0.301220703285733
27554781536,0.06485291137093915,-0.15531050083242803,0.29346439796496765,-0.0459481418541249,0.2970397020817044
27654347968,0.065915040235622,-0.1470874008492693,0.3013809864204537,-0.04465182099165994,0.304670779848736
27753536608,0.06413476702529759,-0.12549619734604534,0.3290050952109848,-0.0415070195934391,0.33161300539984756
27852531840,0.06283294489668594,-0.11149354896794605,0.30303859455801646,-0.033927547337882766,0.3049319075794827
27950068224,0.061637070584612534,-0.09911403003469665,0.30658862792942104,-0.030487130952641005,0.30810071718411897
28050380160,0.06370856625649102,-0.09538911333677191,0.29528871073775753,-0.02825307267272353,0.29663725120863904
28152475008,0.06222205394954615,-0.13951745234579072,0.31783696249732796,-0.04463378039756612,0.32095561855512983
28256473248,0.060704293016874064,-0.1328282659818889,0.3059165872528587,-0.04087504392734482,0.3086352662488496
28350783072,0.062214244196094906,-0.1343140929542912,0.29575333666487336,-0.039964453936978686,0.2984412734976294
28462092576,0.06537989141630936,-0.13770486726913767,0.2872300989585435,-0.03881272883879488,0.28984057284591563
28551696736,0.06496508895058958,-0.1297542686391573,0.29951270071502417,-0.03908263195595251,0.30205183331708496
28653094208,0.06327799485008713,-0.11586451294650146,0.32232938434321123,-0.03751456002996531,0.3245051220324811
28749714368,0.0607918850804611,-0.10260953017132479,0.31919961951838155,-0.03715029987838159,0.3213542311557967
28849784064,0.06245917449727966,-0.09924613035079943,0.30200149021032835,-0.03109744642841801,0.3035983387036684
28953952288,0.06521127631267024,-0.10072893519184056,0.2832090438819646,-0.028624221128411342,0.2846519077254617
29050037312,0.06282089357929858,-0.08690657730476659,0.28901159266400095,-0.02518043413066276,0.2901064545252157
29150133120,0.06573265808899703,-0.0940653791797299,0.2799380724283259,-0.024389894289261756,0.2809985610965437
29256126464,0.06434770091041091,-0.08474722708931992,0.30816251024087665,-0.026178620689381177,0.3092724573885572
29351103232,0.061775275491464554,-0.09753505699722709,0.3112180747239074,-0.03045129589831617,0.3127042875573381
29455586848,0.06002956834782147,-0.09315049508974127,0.28976430906789385,-0.027070029860654665,0.29102601486164537
29550602592,0.0616016661271645,-0.09615320630448032,0.29579110626897775,-0.02852923928486462,0.2971637529073806
29651365824,0.06154493356856377,-0.09340534899287078,0.2851793679565462,-0.026715015861822313,0.2864279385475387
29769842624,0.06263409893944674,-0.09472533991915988,0.29363044030506674,-0.027506694914405584,0.29491601133011
29849725856,0.0622177163279356,-0.09254847393262544,0.29952161696722623,-0.028457453138307276,0.3008704466540055
29955157600,0.06263674629640455,-0.09180077046887902,0.28365189090688425,-0.026112857713285993,0.28485132359356397
30049808992,0.0626528664127842,-0.09186848718780283,0.29665581891789694,-0.027309993120279846,0.2979102392031496
30153365888,0.06398208433521954,-0.08999735342136717,0.318257059811694,-0.0287198740912415,0.3195502891374078
30251024096,0.0598974516789076,-0.07563822201245074,0.3207976096558524,-0.02431094061615862,0.3217174664119918
30353368352,0.06093067021152384,-0.07563602804720304,0.29721404592042205,-0.022523056335286524,0.2980662294844373
30451968800,0.060810549019986115,-0.07573012903541354,0.2955406303632368,-0.022424214486957736,0.2963901307244498
30551058080,0.06425319022904294,-0.07941468606215096,0.2788990441605899,-0.021161530239608407,0.27970071003802
30650551456,0.06192758237133222,-0.07342981203456844,0.3087073968252593,-0.02270915625056572,0.3095415361986832
30751542400,0.06107366059035008,-0.07031135748764683,0.3057178719971495,-0.02153093101543065,0.3064751184824907
30855248544,0.06276925214961043,-0.07310125979744697,0.3197378875670501,-0.023414965504539996,0.32059410062479066
30950514656,0.06311703145787673,-0.07095588648560636,0.31764068124265904,-0.02257637755891243,0.31844198090701403
31051335552,0.059458206085298504,-0.05815775848100202,0.3289063939309982,-0.01915005405913124,0.32946341305091925
31152264832,0.06101598921980349,-0.061145982870680626,0.3041665190439317,-0.018621774440605462,0.3047360198444209
31256301376,0.06185281047719342,-0.06551345539248743,0.3060813204371426,-0.02008118272148212,0.3067393496440232
31351924416,0.062016592260760076,-0.06905570787690607,0.30015335262457704,-0.020760312570071077,0.3008704466540055
31452172800,0.060866095182736085,-0.06822273271022183,0.2952394802307544,-0.020173351748786265,0.2959278878505814
31552845952,0.06011859923560565,-0.06695859594724851,0.3053608955831561,-0.020477148758336495,0.30604671240289155
31650957984,0.06113398556123212,-0.06908880752683899,0.28366076061420425,-0.019629025137858976,0.2843391034312579
31752010208,0.061349181720107525,-0.06887579978837621,0.2860943075552329,-0.01973619280469094,0.2867742494052284
31855530560,0.06284551333619563,-0.036104249140036515,0.27455401251377837,-0.009916875782774037,0.27473305263966136
31949704704,0.06410056632280038,-0.04134403496984973,0.2803172927606922,-0.010125045147288757,0.2805000911941354
32049938400,0.06370446923653586,-0.04090847006157716,0.2877759761169121,-0.01190460375552122,0.28802210335426953
32150327872,0.06324546835351855,-0.044447904832408014,0.3224932919031286,-0.01434359820712652,0.3228121158383681
32250556672,0.06095898242207576,-0.041897262810639546,0.31291112080003136,-0.013917410079479975,0.3132204715909422
32349838752,0.05903873115427603,-0.043558256896947256,0.2943522076765223,-0.012339772981846507,0.2946107468530061
32452742240,0.0656741211650936,-0.0655006762678294,0.29379651942492385,-0.019271438926279943,0.2944278913154951
32551331712,0.06394674297288454,-0.0640790334932646,0.2988038877728289,-0.019599894802772036,0.2994460205520138
32650308608,0.06163176317981347,-0.06318264088764636,0.32279035971750636,-0.02042192971007444,0.3234357301530559
32754065216,0.06089710718379063,-0.06519714281852984,0.3101995816750378,-0.02025283057960515,0.31086002898065657
32853003232,0.06305567847039997,-0.07740925287098932,0.30214130010172197,-0.023435360742962204,0.3030488101945157
32949606592,0.060917913169228254,-0.006513871655432268,0.31036980100135325,-0.02407359817323647,0.3113020261781572
33048763488,0.06306044701788018,-0.009416499998458505,0.29221499404018825,-0.0019034778889015593,0.2922211935674427
33150782176,0.05984121585522927,-0.007863288622484532,0.310139090400092,-0.002438763445115812,0.3101486787999228
33250734496,0.058802143659509976,-0.012796425835441383,0.3137818517307305,-0.00401550537425201,0.3138075441396793
33350292672,0.061655939425332665,-0.030003154059798476,0.29522836049768936,-0.003778074039882337,0.2952525337496775
33451001152,0.06108440804407151,-0.03638823640143052,0.30239743551195347,-0.01100856862855086,0.302597748814256
33552003808,0.05862532471987125,-0.03915418164529072,0.32034838863451265,-0.012549392602418993,0.32059410062479066
33651345280,0.05818993433453213,-0.04828091754467678,0.3069442578922361,-0.014831076175904146,0.30730235643995807
33751445184,0.05954284363983633,-0.06084756880354547,0.2993958334652006,-0.018240024919190467,0.29995093533005496
33855387424,0.06051504779580578,-0.06537619888337431,0.27981814000400096,-0.018319553358166138,0.2804171847632405
33955452096,0.06136282912953037,0.046617160139344804,0.31509944857768596,0.014699691255660707,0.31544213957075157
34052493856,0.06039472722905608,0.05405193432364985,0.31023661628364013,0.016785239042666662,0.31069036408109285
34151481824,0.06157020133977815,0.03765846944345519,0.29174443076055395,0.010991845288698265,0.29195142325847695
34255867680,0.059159145410146295,0.028203721530956294,0.3109741482049834,0.00877295455129549,0.3110978713899761
34351578048,0.05876242227869548,0.012844180540903416,0.3054958837157492,0.003924060075274521,0.3055210847302374
34452178944,0.06210520491777241,-0.01574373233273718,0.2788439831012706,-0.004390407781500888,0.27887854451762606
34549964576,0.061313484825235284,-0.026799386045418316,0.2932991540277819,-0.004618004928166347,0.2933355070954232
34650786592,0.06256061679847996,-0.0413665380621282,0.30153743483982487,-0.01248067952767545,0.301795612909224
34753509984,0.06213240381887004,-0.04802297970857339,0.3125154505624092,-0.015019470917414849,0.3128761597611181
34854155840,0.06199333415475507,-0.051421973390073816,0.29630691341573695,-0.015250130150115952,0.29669909573093833
34953453728,0.06194876928730622,0.14091531674446678,0.30771152411094316,0.043650575089149685,0.31079214078913425
35052447072,0.059000891728165576,0.15864785390743918,0.3046602548304154,0.04874332598804491,0.3085348970565736
35151143456,0.0610176882625568,0.12705681664569557,0.29238725306491936,0.03735100139795611,0.2947633000566375
35251296704,0.062042251489578426,0.09394910760413833,0.29647233839915266,0.027935550464280694,0.2977855644849227
35355443392,0.061249823569390446,0.06404155539738543,0.28641723904996375,0.01836772299141337,0.2870055889227479
35452625600,0.06391654994356077,0.02894423170942595,0.27780902897541165,0.008043215148655525,0.27792543944408665
35550717088,0.06394370422705066,0.008510514496139265,0.2782686107954583,0.0023682662232098993,0.278278688438296
35655523552,0.06288791584719362,-0.007287802032699631,0.29137580272285246,-0.0021235267624553963,0.2913835406784287
35750751040,0.05999426622191363,0.3008355534250944,0.2985293052416175,0.09261931196137876,0.3125669256915102
35849568320,0.060670643976701355,0.30557283010112357,0.29560763957483355,0.09171285936497553,0.3095078757445511
35951843968,0.06352705519553581,0.26529114821670596,0.29013017273560227,0.07882696659829014,0.3006479798612962
36051384576,0.06540606594320225,0.21024972123722563,0.2570228075445375,0.05484957295108404,0.2628101962462504
36152243232,0.06781098068067164,0.158637239534273,0.26861279016356576,0.04297308139307214,0.2720285219675897
36253511616,0.06785670007957526,0.118620728921079,0.2905256359797147,0.03462491623921781,0.2925816637897709
36351021664,0.06263876460357089,0.5131829183842536,0.28393453877627484,0.16000988391406948,0.3259171447780707
36449787360,0.06168686533677126,0.5106359782072625,0.27948606031708834,0.15750296621072685,0.3208109135873412
36552538912,0.06657873671301812,0.45859944887299964,0.2340771046861715,0.11556518534023419,0.26105057556148686
36652773056,0.06455197442796834,0.3944071585512452,0.26931571655510794,0.11209354196802537,0.29171204523387223
36755766240,0.06914749956094618,0.32980884503950847,0.26556553643720754,0.09090608391276411,0.28069373031034434
36850590944,0.07060816466605867,0.26670477278133387,0.2488538635925767,0.06799029232498753,0.25797466014201864
36951868928,0.07112584170932094,0.5235987755982988,0.2353137295920011,0.1358584451239566,0.27171689024791323
37052295200,0.06839716693148216,0.5235987755982988,0.27021610584040906,0.15600934144633255,0.31201868289266516
37150171168,0.07041369506019203,0.5235987755982988,0.23994074929195092,0.13852985619326832,0.2770597123865367
37250925216,0.06766525563751581,0.5235987755982988,0.2563876968458718,0.14802550579087223,0.2960510115817445
37353463360,0.06620057710091129,0.515377518112814,0.25628973389725257,0.14517279074969802,0.2945497697761452
37456077632,0.07486261364299487,0.5235987755982988,0.1986389972984295,0.11468427856180559,0.2293685571236112
37552328864,0.07280452116964568,0.5235987755982988,0.2369423548472759,0.13679873235349854,0.27359746470699714
37653237696,0.06577367928263197,0.5235987755982988,0.29309290338599425,0.16921726666747272,0.3384345333349455
37754341280,0.06890128079702093,0.5235987755982988,0.23889429322312578,0.137925684500237,0.2758513690004741
37850019360,0.07377361434028817,0.5235987755982988,0.23355233252569754,0.13484150205357642,0.2696830041071529
37950280064,0.07135072110755915,0.5235987755982988,0.25185565724698183,0.14540893150847506,0.2908178630169502
38051328832,0.06774764622504965,0.5235987755982988,0.28509268071665644,0.1645983359557536,0.32919667191150725
38156093248,0.06927491562478237,0.5235987755982988,0.25004172423171145,0.14436165679381674,0.28872331358763353
38251758688,0.07221550662496379,0.5235987755982988,0.2590008739598835,0.14953422430108704,0.29906844860217413
38352700704,0.06917708333375192,0.5235987755982988,0.25270774220588593,0.14590088298887077,0.2918017659777416
38450464960,0.06949823406327925,0.5235987755982988,0.25681509871600455,0.1482722663756455,0.29654453275129106
38550475808,0.06715959793401942,0.5233165478716284,0.28780210861994354,0.16605434154654344,0.3322711213339822
38653981792,0.06836330203956871,0.4635964340330858,0.2570491314600181,0.1285081230494653,0.287382312736964
38748996896,0.07598291060665018,0.4101982339906449,0.22001681773226336,0.10999433503430163,0.24597998663442153
38849854240,0.07296547210189418,0.32960194018602706,0.25832501022345655,0.11233699797740992,0.28169382673662824
38951146880,0.06312312578996544,0.44567632920310896,0.3170241122439345,0.1514530644429762,0.351343590340315
39051963936,0.07263954099288435,0.39714926226752656,0.24638172734198965,0.10334159682120087,0.2671767976482579
39152865472,0.07281808376387605,0.3399804231451835,0.2788443692378513,0.09863139470936926,0.2957741271273918
39253432704,0.06887705960980857,0.25108336368423423,0.3274720750409998,0.0839953557698888,0.33807274324110836
39349230048,0.06780141133506375,0.18898344013920898,0.3091832903185126,0.07930435126462866,0.31919192837802973
39453617728,0.07074237000028988,0.15746075061858367,0.2848624503357828,0.045229076130868684,0.28843072814621923
39551013152,0.06784334253033579,0.07970276147480959,0.31672235042004354,0.025297235800153483,0.3177310142159959
39648441568,0.06275233388883418,0.0391761766637293,0.35096472229870734,0.028032241254054294,0.35208243757383617
39750741440,0.06389980810581622,0.16866525094808615,0.3174033392406483,0.05404841098915233,0.32197222006186554
39850169408,0.06588563739209648,0.15026488003309169,0.32328104756818904,0.04894674178526483,0.32696547103353146
39953998368,0.06347297500260933,0.12211148931189619,0.33037543829410176,0.04054435931354146,0.3328539849546125
40050943424,0.06194958947125796,0.09428236164788117,0.31404116940884386,0.02969658790668297,0.31544213957075157
40153900704,0.06392403453088172,0.048317894735533606,0.30641438189983644,0.01481683019597827,0.3067724105784535
40251797408,0.06259438606631611,0.030294245884003423,0.30508616318927967,0.009245183645573541,0.30522621183344684
40349933632,0.06297157656575364,0.0048800825845036755,0.310073947873573,0.009396331062122426,0.31021628614135055
40450329696,0.06201467909670823,-0.022955210481519828,0.315884165018777,-0.007252461415291978,0.31596740956337604
40550650272,0.0606234295607079,0.04648163007355244,0.3089048538110908,0.014368750729743402,0.3092388554266505
40654395744,0.06277583156785183,0.11068900789457548,0.29998049925552456,0.03334081973532567,0.3018276166857785
40750665952,0.06107833116194082,0.11141162523936732,0.3034314713255248,0.03394636337953337,0.30532443953517396
40853847904,0.061411436327285115,0.08642548900915159,0.3066851890615808,0.026571608084829328,0.3078341364208189
40957288512,0.05947099022819709,0.07467776738416987,0.30143629829524565,0.026116837286311465,0.30256558151875107
41053074208,0.061018032856241994,0.04095709308118689,0.29188622636128936,0.011961500496762487,0.29213121475386344
41151953280,0.06133099509988369,0.014925063896936486,0.30042409175055823,0.004484181732253341,0.3004575557211962
41258924192,0.06174926837191345,-0.0014397440048217192,0.3006780159696818,0.0044879718488785945,0.3007115082247112
41354474816,0.060701682853812854,0.13864051147466405,0.29532993228315507,0.04120906089890596,0.2981911393763113
41450899200,0.061689150543970055,0.13191932362913672,0.2928998471625009,0.03886486301402857,0.29546708453720455
41550550880,0.06212629499299164,0.10833646355197324,0.30553373593524447,0.03323055295143525,0.30733553885615933
41650255680,0.06259129769313435,0.0837374639961288,0.29661800981603575,0.024896257682626252,0.29766099407518215
41751284736,0.06320515633941327,0.053788319913337546,0.30912748302133347,0.016643501948447693,0.30957520397508065
41854261472,0.0608597744354704,0.039127528946933054,0.3111658602579488,0.01218136824924971,0.31140420408609315
41958101920,0.0627071320701838,0.01272787760100691,0.29921682932747523,0.01171359345588031,0.2994460205520138
42054276000,0.06278636541308964,-0.004244743286998087,0.29412098624359023,-0.0012484755802118115,0.2941236359767378
42156668000,0.06249455716124492,0.17142458019795015,0.30097837138678835,0.05210650096769646,0.30545550819348477
42255178944,0.06043016679522151,0.18163956056382702,0.3054124557591848,0.05609323884073899,0.31052088428397245
42349083776,0.06215679863524611,0.14902413803255765,0.29273351139691395,0.053764574632878134,0.2976298677556093
42450907776,0.06249943423051973,0.11905046370363515,0.3056221885774783,0.03655733587390746,0.30780084625790977
42553758080,0.062283922108111664,0.08723830468900218,0.31110496246915365,0.027209330286820592,0.31229256367641994
42650127552,0.06369206315372002,0.04480237676112253,0.2866077658894033,0.02506679836592367,0.28770185235488643
42749849600,0.06493516123519391,0.022234917499650564,0.2807165906695332,0.012585192140041465,0.2809985610965437
42849706464,0.06275603155055738,0.013302499441099513,0.30207334152864596,0.00671768291946042,0.3021480281684598
42953386624,0.05945365244912632,0.27662835805991026,0.3160232643871431,0.08972134749194195,0.32851274530781294
43048086048,0.06066219171348878,0.2779732179471326,0.2996307247373833,0.08506738396478278,0.3114723599635469
43151386688,0.06246987015247654,0.24261709139677556,0.2845978063819706,0.0704357673555078,0.2931844278272447
43255529824,0.06217373066633649,0.19559927677104483,0.29001357063172284,0.05746112378541216,0.2956512335459532
43354473728,0.06665117822864872,0.14304020140387586,0.28679286875222976,0.041305001700517374,0.2897520538885159
43451986496,0.06379967373496334,0.1139282552592773,0.281399426478151,0.03219877597047176,0.2832355881527407
43548547680,0.06337689210585426,0.45817007905011664,0.2969736228396282,0.03398083382979108,0.29891140782891107
43649067104,0.06232193156639536,0.4553906167789741,0.27557847848399497,0.13590751231831402,0.30726918118826424
43748730336,0.06431863576719227,0.4091534766678677,0.26064776974185083,0.12764467682379504,0.2902247808042104
43848429152,0.06281480785609238,0.35242464391700246,0.2789552754567273,0.12096202017853801,0.304052390273143
43959178176,0.06936734288888247,0.2676487985871212,0.22823827092961316,0.08394116357744985,0.2431847595135758
44051226560,0.07230582189473614,0.22055956157990586,0.2421980395120044,0.05430250503041703,0.2482109030563261
44151459200,0.0,0.0,0.29240131758238047,0.0,0.29240131758238047
44249468992,0.0,0.0,0.16352030479989035,0.0,0.16352030479989035
44351695136,0.0,0.0,0.037433213984966025,0.0,0.037433213984966025
44448701664,0.0,0.0,0.001957572744624437,0.0,0.001957572744624437
44573601824,0.0,0.0,0.0,0.0,0.0
44655321824,0.0,0.0,0.0,0.0,0.0
44748727296,0.0,0.0,0.0,0.0,0.0
44849706944,0.0,0.0,0.0,0.0,0.0
44949565984,0.0,0.0,0.0,0.0,0.0
45052333824,0.0,0.0,0.0,0.0,0.0
45151372000,0.0,0.0,0.0,0.0,0.0
45250551008,0.0,0.0,0.0,0.0,0.0
45350921696,0.0,0.0,0.0,0.0,0.0
45448011904,0.0,0.0,0.0,0.0,0.0
45548718944,0.0,0.0,0.0,0.0,0.0
45649810048,0.0,0.0,0.0,0.0,0.0
45748080960,0.0,0.0,0.0,0.0,0.0
45848073408,0.0,0.0,0.0,0.0,0.0
45947967008,0.0,0.0,0.0,0.0,0.0
46059361696,0.0,0.0,0.0,0.0,0.0
46147949216,0.0,0.0,0.0,0.0,0.0
46248397408,0.0,0.0,0.0,0.0,0.0
46348130752,0.0,0.0,0.0,0.0,0.0
46448743552,0.0,0.0,0.0,0.0,0.0
